,,,,,,,,,,,,,,,,,
id,holeNumber,par,handicap,greenLat,greenLng,men,courseRating,slopeRating,women,courseRating,slopeRating,senior,courseRating,slopeRating,championship,courseRating,slopeRating
19,1,4,4,44.84252979867205," -93.07268519483159",353,57.8,91,302,58.6,88,305,58.6,88,384,59.2,94
19,2,3,8,44.84095539469625," -93.07252429895794",108,57.8,91,87,58.6,88,89,58.6,88,139,59.2,94
19,3,3,7,44.84008078672584," -93.07423032276432",105,57.8,91,101,58.6,88,102,58.6,88,125,59.2,94
19,4,4,2,44.83740764568686," -93.07451601582494",289,57.8,91,261,58.6,88,266,58.6,88,308,59.2,94
19,5,3,9,44.839132420849715," -93.07373129893084",136,57.8,91,116,58.6,88,121,58.6,88,149,59.2,94
19,6,3,6,44.83969739726935," -93.072201440947",101,57.8,91,90,58.6,88,92,58.6,88,116,59.2,94
19,7,3,3,44.84133921407954," -93.06985013050422",92,57.8,91,73,58.6,88,75,58.6,88,121,59.2,94
19,8,4,1,44.84398189949781," -93.06889966780625",329,57.8,91,283,58.6,88,286,58.6,88,365,59.2,94
19,9,3,5,44.845506094371615," -93.06901093296543",118,57.8,91,105,58.6,88,108,58.6,88,150,59.2,94
,Inver Wood Executive 19,,,,,,,,,,,,,,,,
id,holeNumber,par,handicap,greenLat,greenLng,men,courseRating,slopeRating,women,courseRating,slopeRating,senior,courseRating,slopeRating,championship,courseRating,slopeRating
20a,1,5,7,44.841566977682604," -93.07357192737085",526,70,136,444,70,122,466,68.2,133,536,72.5,140
20a,2,4,11,44.841268737632625," -93.07731609405016",334,70,136,259,70,122,292,68.2,133,349,72.5,140
20a,3,4,9,44.8414152844306," -93.08176776178573",334,70,136,285,70,122,324,68.2,133,363,72.5,140
20a,4,4,15,44.84304353861555," -93.0845561612995",328,70,136,282,70,122,316,68.2,133,352,72.5,140
20a,5,4,5,44.84320003450473," -93.08006877567092",383,70,136,326,70,122,372,68.2,133,409,72.5,140
20a,6,3,13,44.842145629360445," -93.08204303184536",160,70,136,118,70,122,151,68.2,133,206,72.5,140
20a,7,5,3,44.84184559299641," -93.07499366612619",512,70,136,450,70,122,500,68.2,133,537,72.5,140
20a,8,4,1,44.845729065065285," -93.0736516170581",428,70,136,368,70,122,418,68.2,133,453,72.5,140
20a,9,3,17,44.84589538827976," -93.07227887590821",134,70,136,114,70,122,124,68.2,133,167,72.5,140
,Inver Wood 20a and 20b,,,,,,,,,,,,,,,,
id,holeNumber,par,handicap,greenLat,greenLng,men,courseRating,slopeRating,women,courseRating,slopeRating,senior,courseRating,slopeRating,championship,courseRating,slopeRating
20b,10,5,2,44.841309703892314," -93.0717096735837",484,70,136,416,70,122,432,68.2,133,512,72.5,140
20b,11,4,14,44.83710796479596," -93.07077210069721",325,70,136,276,70,122,314,68.2,133,351,72.5,140
20b,12,3,8,44.83461835641596," -93.07093191671451",176,70,136,123,70,122,144,68.2,133,240,72.5,140
20b,13,4,12,44.836678975611484," -93.07186353715046",305,70,136,228,70,122,295,68.2,133,351,72.5,140
20b,14,5,4,44.83387041580963," -93.07338027342968",512,70,136,434,70,122,461,68.2,133,540,72.5,140
20b,15,4,6,44.83682719008051," -93.07442258914516",361,70,136,308,70,122,353,68.2,133,389,72.5,140
20b,16,4,18,44.839862673848415," -93.07142039697032",359,70,136,307,70,122,350,68.2,133,385,72.5,140
20b,17,3,16,44.84207584926484," -93.07011895592117",172,70,136,134,70,122,154,68.2,133,190,72.5,140
20b,18,4,10,44.84550702620732," -93.07000935861909",361,70,136,303,70,122,329,68.2,133,394,72.5,140
,Bemidji Town and Country Club 21a and 21b," ",,,,,,,,,,,,,,,
id,holeNumber,par,handicap,greenLat,greenLng,men,courseRating,slopeRating,women,courseRating,slopeRating,senior,courseRating,slopeRating,championship,courseRating,slopeRating
21a,1,4,11,47.54249548806625," -94.83699617642513",345,70.3,129,345,73.5,129,290,65.9,115,350,71.8,134
21a,2,3,17,47.54137621044284," -94.8358742475091",165,70.3,129,165,73.5,129,145,65.9,115,210,71.8,134
21a,3,4,13,47.54338719000939," -94.83549287172292",305,70.3,129,305,73.5,129,256,65.9,115,314,71.8,134
21a,4,5,7,47.547024778635084," -94.83177032761225",485,70.3,129,485,73.5,129,390,65.9,115,500,71.8,134
21a,5,4,3,47.547209838688715," -94.83551658541674",369,70.3,129,304,73.5,129,304,65.9,115,389,71.8,134
21a,6,4,1,47.54430306637142," -94.83553379638914",392,70.3,129,300,73.5,129,300,65.9,115,421,71.8,134
21a,7,3,15,47.54306448573401," -94.83686798232054",157,70.3,129,157,73.5,129,146,65.9,115,183,71.8,134
21a,8,4,5,47.54679286567445," -94.83702346297687",383,70.3,129,304,73.5,129,304,65.9,115,393,71.8,134
21a,9,5,9,47.54290161493642," -94.83951070367112",489,70.3,129,489,73.5,129,433,65.9,115,510,71.8,134
id,holeNumber,par,handicap,greenLat,greenLng,men,courseRating,slopeRating,women,courseRating,slopeRating,senior,courseRating,slopeRating,championship,courseRating,slopeRating
21b,10,5,6,47.54664764366131," -94.83850219959675",487,70.3,129,445,73.5,129,445,65.9,115,499,71.8,134
21b,11,3,16,47.54772346780191," -94.8367140749689",168,70.3,129,168,73.5,129,155,65.9,115,193,71.8,134
21b,12,4,2,47.54764730630113," -94.83195003716058",390,70.3,129,345,73.5,129,345,65.9,115,405,71.8,134
21b,13,4,14,47.54467729331711," -94.83298300607468",330,70.3,129,330,73.5,129,276,65.9,115,350,71.8,134
21b,14,3,18,47.54527902660191," -94.83132857626502",150,70.3,129,150,73.5,129,135,65.9,115,181,71.8,134
21b,15,5,8,47.5415102486785," -94.83260743772975",465,70.3,129,465,73.5,129,393,65.9,115,492,71.8,134
21b,16,4,10,47.54409329704851," -94.83395281500289",360,70.3,129,306,73.5,129,306,65.9,115,377,71.8,134
21b,17,4,12,47.541417556114595," -94.83427217664544",347,70.3,129,347,73.5,129,332,65.9,115,354,71.8,134
21b,18,4,4,47.54175388431227," -94.84060483393215",417,70.3,129,359,73.5,129,359,65.9,115,424,71.8,134
,,,,,,,,,,,,,,,,,
,,,,,,,,,,,,,,,,,
,,,,,,,,,,,,,,,,,
,,,,,,,,,,,,,,,,,